,mean,sd,hdi_3%,hdi_97%,mcse_mean,mcse_sd,ess_bulk,ess_tail,r_hat
sd_kappa_hyper,0.6723677384,0.1078248803,0.4764116555,0.8753131454,0.0005816335,0.0004204709,33769.6379441908,29196.535188443,1.0000478587
kappa[0],0.3660481989,0.0849221005,0.2179321553,0.5242877861,0.000392528,0.0002933896,50682.8363045909,34874.1114559749,1.0001177158
kappa[1],0.0965350808,0.023649108,0.0528356028,0.1409380754,0.0001094447,7.73896e-05,44449.8886697096,31011.0370931139,1.0000689631
kappa[2],1.6303930878,0.3913758079,0.9253516827,2.3714917792,0.001968235,0.0013917625,38011.5262951865,32393.8917042396,1.000089475
kappa[3],1.4127151869,0.2829674864,0.9011002218,1.9491656469,0.0013678439,0.0009672183,41347.1457343793,33149.0693537705,1.0001817158
gamma[0],0.0110878161,0.0023749173,0.006893054,0.015656306,1.06407e-05,7.548e-06,48785.5897807294,36329.2043843925,1.0000438819
gamma[1],0.0109535231,0.0025792986,0.0063450107,0.0158576169,1.12533e-05,8.0417e-06,51360.8235936277,34946.7335190568,1.000149345
gamma[2],0.0061374203,0.0012901198,0.0037754446,0.0085608232,5.7572e-06,4.071e-06,48801.364780957,34890.5963348757,1.000055588
gamma[3],0.0072662505,0.0016196907,0.004375683,0.0103646936,7.1626e-06,5.0689e-06,49789.2519369713,36211.0981534495,1.0000811926
prob[0],0.0018559716,0.0032382742,2.553e-07,0.0064798212,1.77473e-05,1.25494e-05,49843.5918295214,37172.2924722635,1.0000718847
prob[1],0.0043535148,0.0061011337,2.4629e-06,0.0140924064,3.29008e-05,2.42234e-05,50064.8554096727,36716.1497869499,1.0000941082
prob[2],0.0008141382,0.001749593,2.65e-08,0.0029923232,9.6816e-06,6.846e-06,49694.0604327434,37055.2098476646,1.0000572782
prob[3],0.760547912,0.0790852679,0.6148525337,0.9075587445,0.0003597945,0.0002544147,49529.0600573904,33600.564996673,1.0001124397
prob[4],0.7961512297,0.0746328468,0.6572625794,0.9316013078,0.0003455554,0.0002443461,48960.045900406,32985.7384595314,1.0001318896
prob[5],0.0005448671,0.0012960175,8.5e-09,0.0020292159,7.1902e-06,5.0843e-06,49630.5469221103,37055.0711862268,1.0000522888
prob[6],0.1592852664,0.0654696234,0.0484251763,0.2808561266,0.000297545,0.0002347404,54855.2378387428,35584.4940561542,1.0001850494
prob[7],0.8808869668,0.0584698514,0.7725674132,0.9779007584,0.0002836382,0.0002005639,48089.6607630641,32529.7447221632,1.0001963225
prob[8],0.8169387285,0.0714872237,0.6808254209,0.9420878887,0.0003346069,0.0002366043,48690.9488427146,32998.8726481603,1.0001479057
prob[9],0.9980647607,0.003237265,0.9933480517,0.9999996002,1.76068e-05,1.245e-05,48785.5897807294,36329.2043843925,1.0000744071
prob[10],0.0259847886,0.0219977868,0.0004770526,0.0647187223,0.000111857,8.8602e-05,50948.2094939876,35609.6650191422,1.0000289328
prob[11],0.7205303356,0.0829307855,0.5668738597,0.8746105218,0.0003703566,0.0002618832,50381.8177527172,33289.3338666768,1.0000858835
prob[12],0.095167839,0.0417817825,0.0248282272,0.172106499,0.0002000365,0.0001530755,47202.4446020793,35823.1458875563,1.0000437825
prob[13],0.8544596049,0.0645527597,0.7350738208,0.9661353189,0.0003083793,0.0002180585,48293.3988788489,32636.7843223648,1.0001619533
prob[14],0.8350641873,0.046419007,0.74892364,0.920440185,0.0002120234,0.0001499241,48785.5897807294,36329.2043843925,1.0000687924
prob[15],0.4296475935,0.0301955781,0.3738017922,0.4871360676,0.0001341887,9.67939e-05,55543.9943162862,37787.137275105,1.0001365344
prob[16],0.2194824419,0.058913651,0.1082133186,0.3274141531,0.0002714692,0.0002037657,47852.7414049255,32649.7835778829,1.0002145006
prob[17],0.3502182579,0.0865836873,0.1889076513,0.5089029056,0.0003629823,0.0002724663,59650.3265231683,38713.1214371804,1.0001982901
prob[18],0.5622757555,0.0430642136,0.4910846051,0.6422980742,0.0001834036,0.0001298733,52489.4491376288,34410.660533702,1.0000393833
prob[19],0.827383273,0.0697313078,0.6982696581,0.9522305858,0.0003282089,0.0002320803,48566.478224678,32762.3810387169,1.000154214
prob[20],0.0650772126,0.0400603963,0.0067841247,0.137548621,0.000194383,0.0001558021,52100.024503492,35142.2281333157,1.0000291478
prob[21],0.2194824419,0.058913651,0.1082133186,0.3274141531,0.0002714692,0.0002037657,47852.7414049255,32649.7835778829,1.0002145006
prob[22],0.6107660562,0.0889734998,0.4483031432,0.7782431244,0.0003800477,0.0002687358,53774.9423549708,35353.3100132819,1.0000372055
prob[23],0.0105050728,0.011615849,2.19142e-05,0.0303232784,6.11268e-05,4.69204e-05,50384.5312502694,36274.3700734059,1.0000591413
prob[24],0.9891226506,0.0111737854,0.9696991739,0.9999628061,5.77795e-05,4.08566e-05,48785.5897807294,36329.2043843925,1.0000937643
prob[25],0.025788169,0.0246466518,0.0001733014,0.0690259819,0.0001272703,0.0001007909,53757.1144688543,34976.9961582823,1.0000656679
prob[26],0.0443029593,0.0363839807,0.0010057819,0.1095540863,0.0001826662,0.0001464834,54651.4273990558,34457.2969868289,1.0001111035
prob[27],0.9113079953,0.0641456922,0.7927723542,0.9965212944,0.0003316232,0.0002344948,48237.472717837,33197.226022055,1.0001192412
prob[28],0.9850109913,0.0184030966,0.9535935231,0.9999810273,0.000102406,7.24127e-05,47109.9629726352,33769.3480620238,1.0002391638
prob[29],0.090005358,0.0451385568,0.0168179541,0.1734039944,0.0002223267,0.0001721362,46624.5411803412,33483.4757013604,1.0002784797
prob[30],0.9635100635,0.0350329644,0.900223379,0.999763593,0.0001900799,0.000134408,47348.0990114045,32462.6376736926,1.0001800964
prob[31],0.0644597961,0.0473027579,0.0028046368,0.1500398467,0.00023175,0.0001866975,55418.5899930624,35354.2047929451,1.0001504543
prob[32],0.5164042502,0.072516358,0.3864186134,0.654349889,0.0003019541,0.0002145054,57288.6924128835,39144.3791665765,1.0000678821
prob[33],0.9903338684,0.0133012977,0.9686613706,0.9999943539,7.4552e-05,5.27167e-05,47084.6199743128,33499.2710178696,1.0002667029
prob[34],0.0917091535,0.0600717492,0.0068967749,0.2012009514,0.0002863594,0.0002311293,56218.9978285129,35648.1551321872,1.0001948013
prob[35],0.183238656,0.0927581859,0.0328636017,0.3534322762,0.0004129808,0.0003289139,58366.9310549385,36371.5647045672,1.0002103715
prob[36],0.9891226506,0.0111737854,0.9696991739,0.9999628061,5.77795e-05,4.08566e-05,48785.5897807294,36329.2043843925,1.0000937643
prob[37],0.7947467017,0.1051687833,0.5970791552,0.9643245802,0.0004991425,0.0003529494,50744.3226616571,33704.3115073151,1.0000662612
prob[38],0.0638753365,0.0470064565,0.0026643283,0.1488457742,0.0002304487,0.0001856292,55398.1180547687,35312.3761402675,1.0001510144
prob[39],0.5863966861,0.1368099168,0.3309247048,0.8341777457,0.0005837744,0.000412793,55684.647254601,36566.617011006,1.0000418982
prob[40],0.8538302188,0.0622948628,0.7395087846,0.963450571,0.0002964265,0.0002096065,48206.1905253865,32511.5374916056,1.000199071
prob[41],0.9996144983,0.000986189,0.9985669723,0.9999999957,5.4664e-06,3.8654e-06,48785.5897807294,36329.2043843925,1.0000536831
prob[42],0.3381758212,0.1259992802,0.1203241457,0.5779642825,0.0005238012,0.0003967977,59288.7888871757,38993.3954603112,1.0001815432
prob[43],0.0104092887,0.0125956204,1.1357e-05,0.0312113391,6.72555e-05,5.15817e-05,52702.89225393,35459.2950381322,0.9999989359
prob[44],0.1305590081,0.0755263838,0.0152281092,0.2691916563,0.000348575,0.0002804227,57136.3689129109,35803.3375795386,1.0002192616
prob[45],0.9328511121,0.0345253164,0.8692536578,0.9881146011,0.00016417,0.0001160865,48785.5897807294,36329.2043843925,1.0000842969
prob[46],0.7007309899,0.0797908556,0.5536488955,0.8502999275,0.0003550199,0.0002510385,50553.5313297111,33373.812122111,1.0000806824
prob[47],0.1563318499,0.08442167,0.0236225578,0.3120506726,0.0003824554,0.0003063637,57780.1753550992,35868.6766189956,1.0002103138
prob[48],0.0066688748,0.0090137225,4.2585e-06,0.0211175666,4.8706e-05,3.66155e-05,52322.1622229131,35545.2430277255,0.9999994417
prob[49],0.9752682343,0.0250480668,0.930501167,0.9999319861,0.0001360671,9.62148e-05,47206.659364975,33596.9674592558,1.000240134
prob[50],0.0247937959,0.0197805266,0.0007707065,0.0603248824,0.0001008994,7.72514e-05,46852.4760935616,36131.8021732644,1.0001033075
prob[51],0.9780557733,0.0230129846,0.9380758511,0.9999105977,0.0001260471,8.91296e-05,46422.4933286512,33707.462604889,1.0002812221
prob[52],0.4630007387,0.1101501417,0.2556352273,0.6643934199,0.0004589741,0.0003245454,57826.3285480316,39309.9718591586,1.000114433
prob[53],0.8350641873,0.046419007,0.74892364,0.920440185,0.0002120234,0.0001499241,48785.5897807294,36329.2043843925,1.0000687924
prob[54],0.3686614535,0.1032327634,0.1767532168,0.5579802803,0.0004251721,0.0003100049,58736.3084362509,38915.9911812077,1.0001981023
prob[55],0.2773422562,0.0922135629,0.1055252112,0.4438917233,0.0003847518,0.0002926326,58481.6594279775,37027.0828559347,1.0002246881
prob[56],0.9909237751,0.0121592324,0.9711961795,0.9999898,6.77068e-05,4.78764e-05,46538.8794028394,33507.9628958112,1.000269323
prob[57],0.9983267057,0.0034628415,0.9938983129,0.9999998463,1.94546e-05,1.37626e-05,46888.6763283006,33375.1654911495,1.0001749373
prob[58],0.0622799892,0.0400214722,0.0044817949,0.1350898597,0.0001904867,0.0001528632,54841.1699909051,34956.6768456558,1.0000939536
prob[59],0.0067455752,0.008303076,1.16084e-05,0.0206268499,4.45852e-05,3.25099e-05,46816.3465064954,35716.5033063591,1.0001273618
prob[60],0.8700346405,0.0730087177,0.7329592499,0.9799128058,0.0003676915,0.0002599991,47717.2546737713,33468.6781137159,1.0001356984
prob[61],0.1438797284,0.0663120131,0.0298743196,0.2648291248,0.000294655,0.0002344542,56543.8888193427,35247.8313533546,1.0002115222
prob[62],0.9998209429,0.0005602123,0.999336098,0.9999999996,3.1082e-06,2.1981e-06,48785.5897807294,36329.2043843925,1.0000434626
prob[63],0.7098223394,0.1044791025,0.513266858,0.8947761842,0.0004798927,0.0003393375,51601.857155526,34391.2981464588,1.000059937
prob[64],0.9462159408,0.0425957041,0.8693507073,0.9984486963,0.0002263494,0.0001600545,46582.4962757114,32690.6407724666,1.0002113895
prob[65],0.1009154318,0.0540337478,0.0152522488,0.2008352063,0.0002478881,0.000198882,55777.9675555238,34514.2798566758,1.0001820151
prob[66],0.0982250935,0.053165408,0.0144529317,0.1966320396,0.0002444595,0.0001961897,55719.6728786227,34514.2298195292,1.0001777124
prob[67],0.9954768058,0.0060029292,0.9857407999,0.9999961439,3.19792e-05,2.26129e-05,48785.5897807294,36329.2043843925,1.0000842001
prob[68],0.2319517292,0.0849524068,0.0780853849,0.3872517121,0.0003605547,0.0002787429,57861.8459915873,35803.0342375888,1.0002152184
prob[69],0.007002084,0.0089445059,1.08854e-05,0.0217761216,4.86326e-05,3.52052e-05,46819.062333252,33506.8804881041,1.0001880139
prob[70],0.996155188,0.0064437337,0.9867503267,0.9999987458,3.61535e-05,2.55646e-05,46716.2923981144,32977.0673122182,1.000204292
prob[71],0.9988847436,0.0025556851,0.9958740428,0.9999999462,1.43423e-05,1.01472e-05,46972.5624953773,33640.2605348926,1.0001774156
prob[72],0.202074965,0.0793937731,0.0594093012,0.3466976369,0.0003414309,0.000266863,57358.6262073613,35567.5404433576,1.0002337768
prob[73],0.0587954616,0.037559967,0.0056961199,0.1285742056,0.0001906036,0.0001481481,46716.9899273852,33502.9119122159,1.0002754319
prob[74],0.5488966801,0.0287613924,0.4984237557,0.602999553,0.000123027,8.69937e-05,51827.7270020305,34063.1318191675,1.0000394858
prob[75],0.4882808149,0.0264958096,0.4411782017,0.5391436285,0.0001103412,7.85706e-05,59027.2573533085,39273.698475461,1.0001300194
prob[76],0.2426775897,0.0466680775,0.1530969456,0.3273306448,0.0002078386,0.0001518362,50335.3775601347,35889.2636053877,1.0000177407
prob[77],0.2959638882,0.0488057837,0.2052280086,0.3876930118,0.0002213158,0.0001613585,47721.0818077781,32839.1455931365,1.0002193013
prob[78],0.0253198292,0.0208102221,0.0006750572,0.0627692247,0.0001074039,8.20415e-05,46762.6294405679,34250.8684757445,1.0001585769
prob[79],0.0408277557,0.026396806,0.0031723907,0.0887749346,0.0001283879,9.97142e-05,49199.124498668,36822.6198912301,1.0000705364
prob[80],0.0002517615,0.0007159477,1.2e-09,0.0009449943,3.9684e-06,2.8061e-06,48920.9051629591,36397.0925599412,1.0000671036
prob[81],0.0012300325,0.0023085935,1.077e-07,0.0044031981,1.2633e-05,8.933e-06,48963.8181535209,36574.9721649395,1.0000808293
prob[82],0.0005490659,0.0012730585,1.12e-08,0.0020425239,7.032e-06,4.9724e-06,48936.6615457024,36434.7237619925,1.0000732
prob[83],0.4938065726,0.0264894755,0.447123561,0.5448044151,0.0001104537,7.85773e-05,58555.0992818388,39774.4715916555,1.000121201
prob[84],0.002834088,0.0042590796,1.446e-06,0.0094602218,2.29229e-05,1.6512e-05,48991.482117383,36612.9066725306,1.0000924474
prob[85],0.973167408,0.0203974323,0.9365718005,0.9992406113,0.0001014732,7.17529e-05,48785.5897807294,36329.2043843925,1.000091936
prob[86],0.006720539,0.0079424302,1.30726e-05,0.0202493786,4.17104e-05,3.11491e-05,49033.6612698621,36871.2761244433,1.0000904726
prob[87],0.4261029499,0.0166400437,0.3939357204,0.4557741656,7.86886e-05,5.58848e-05,43867.9443477005,34693.3463862983,1.0000047816
prob[88],0.0163842953,0.0147533845,0.0002346576,0.0427146379,7.48952e-05,5.75132e-05,49096.7479041735,37144.9665484169,1.0000834555
prob[89],0.0001721275,0.0005409612,4e-10,0.0006434725,2.9981e-06,2.12e-06,48915.6958814926,36286.1926398524,1.0000618259
prob[90],0.4388696683,0.0284407436,0.3858055568,0.4931160808,0.0001189726,8.54924e-05,58899.3087774405,37762.7005986859,1.000208029
prob[91],0.3855648174,0.0332786287,0.3218388519,0.4470891191,0.0001423918,0.0001025424,54674.6249302673,35589.0554020505,1.0001900801
prob[92],0.973167408,0.0203974323,0.9365718005,0.9992406113,0.0001014732,7.17529e-05,48785.5897807294,36329.2043843925,1.000091936
prob[93],0.6026435979,0.0339088,0.5410190671,0.665304337,0.0001495325,0.0001057361,48910.685056126,32944.2059103906,1.0001298075
prob[94],0.0253198292,0.0208102221,0.0006750572,0.0627692247,0.0001074039,8.20415e-05,46762.6294405679,34250.8684757445,1.0001585769
prob[95],0.6234590422,0.0362447086,0.5580120447,0.6918222807,0.0001610603,0.0001138875,48536.7910491609,32529.1436525416,1.0001502752
prob[96],0.1020485081,0.041859235,0.0296304542,0.1790408171,0.0001943417,0.0001480578,49434.6242537387,37171.9671907621,1.0000558703
prob[97],0.9328511121,0.0345253164,0.8692536578,0.9881146011,0.00016417,0.0001160865,48785.5897807294,36329.2043843925,1.0000842969
prob[98],0.317779035,0.1036191453,0.1247333816,0.505666717,0.000498926,0.0003809352,43254.485792863,30642.7372173086,1.0000987435
prob[99],0.9991543897,0.001858594,0.9967995355,0.9999999934,9.9211e-06,7.0155e-06,57381.1131793111,36033.57527168,1.0001037769
prob[100],0.9631217676,0.02852956,0.9121470763,0.9992658655,0.0001302715,9.21164e-05,64874.823568039,36458.0914752379,1.0002284963
prob[101],0.9935993192,0.008314586,0.9797172311,0.9999957226,4.19511e-05,2.96641e-05,60281.2289237975,36799.273093436,1.0001273805
prob[102],0.8901834951,0.0564743212,0.7867487497,0.9820075742,0.0002382397,0.0001684618,66808.987683787,37351.3067492505,1.0002402416
prob[103],0.9877174619,0.013202019,0.9642567309,0.9999916509,6.80355e-05,4.81087e-05,51360.8235936277,34946.7335190568,1.0000788572
prob[104],0.1750837508,0.0789698918,0.0363374123,0.3193979325,0.0004068221,0.0003184543,41397.7398238638,29385.7328437012,1.0000918379
prob[105],0.3626517964,0.0967485793,0.1785018378,0.5366280127,0.000456384,0.0003430422,44092.0138994504,32092.612583489,1.0001192466
prob[106],0.9462140662,0.0365357847,0.8803720149,0.9974140619,0.0001622191,0.0001147069,66549.5158822955,36532.8038603221,1.0002490525
prob[107],0.2336714219,0.0818293945,0.0855139183,0.3859636304,0.000428019,0.0003294396,40350.8136762983,29270.6764961116,1.0000865428
prob[108],0.7872294926,0.0798604082,0.6363658821,0.9270254252,0.0003261186,0.0002306017,65615.4416052255,39022.9633066061,1.0002153543
prob[109],0.9848313358,0.0154632285,0.9577723892,0.999958932,7.46886e-05,5.28132e-05,62227.4872804769,36481.8647892693,1.0001534377
prob[110],0.5026127567,0.0665500881,0.3728914141,0.6221165268,0.0002920157,0.0002099746,50871.7412271737,39074.249610618,1.0000780865
prob[111],0.9994882817,0.0013297819,0.998022378,0.9999999997,7.3045e-06,5.1669e-06,51360.8235936277,34946.7335190568,1.0000445567
prob[112],0.5672457613,0.1039795961,0.3698348614,0.7561997838,0.0004410801,0.0003145736,54936.9760590829,41726.6592533256,1.000068226
prob[113],0.4053367024,0.0911646083,0.2391211583,0.5774446642,0.0004437066,0.0003307056,44572.53024273,33415.6690467704,1.0000754608
prob[114],0.9737492581,0.0226651519,0.9334693213,0.999744198,0.0001058649,7.48583e-05,63778.2717684178,36732.5707834873,1.0002043252
prob[115],0.9972158716,0.0045099131,0.9903091942,0.9999996793,2.34682e-05,1.65946e-05,58868.9785028362,36197.8659363865,1.000115319
prob[116],0.9095941825,0.0504116273,0.817302851,0.9881841731,0.0002154578,0.0001523525,66857.4502946357,37125.6172320165,1.0002507386
prob[117],0.9293891589,0.0382881638,0.8588279922,0.9907584836,0.0001782224,0.0001260231,51360.8235936277,34946.7335190568,1.0001174511
prob[118],0.9229964837,0.0457606166,0.839438698,0.9919223281,0.0001978316,0.0001398889,66887.7713148444,37166.3433965499,1.0002556806
prob[119],0.097187619,0.0623762338,0.0053264885,0.2119975205,0.0003368151,0.0002656634,41812.4997454466,29513.5189276955,1.0000727501
prob[120],0.9624540011,0.0288731283,0.9106151016,0.9989449672,0.0001316785,9.31113e-05,65399.3824477254,36357.5264570215,1.0002325509
prob[121],0.1475771256,0.0778051614,0.0195523477,0.2909626711,0.0004088333,0.0003221988,41452.2070570958,29356.7722559495,1.0000886412
prob[122],0.9987512951,0.0024858962,0.9953692544,0.999999976,1.31889e-05,9.3261e-06,57810.4883599892,36142.4559741798,1.0001039731
prob[123],0.8202870268,0.0827537493,0.6683821185,0.9636422542,0.0003400443,0.0002404488,64184.515449961,38392.0233911874,1.0001619059
prob[124],0.9538962834,0.0365556942,0.88760979,0.9992304781,0.0001664515,0.0001176997,68083.1237201483,36797.5560765868,1.0002015408
prob[125],0.3088617096,0.1397163582,0.0691792029,0.5674733069,0.0006963231,0.0005395692,44136.2550374519,32739.5488791129,1.0000940798
prob[126],0.0083621777,0.0146537076,4.87e-08,0.0298307252,9.01223e-05,6.46806e-05,42820.3046406674,30438.6007127931,1.0000674067
prob[127],0.898577949,0.0630399319,0.7821273543,0.9921485437,0.0002711495,0.0001917327,65988.6728806673,37660.8207706043,1.000182758
prob[128],0.9708084032,0.0232996723,0.928369578,0.9995944676,0.0001145147,8.09747e-05,51360.8235936277,34946.7335190568,1.0000993876
prob[129],0.1479996768,0.1010218545,0.0083096669,0.336074908,0.0005580419,0.0004370053,41341.6946576233,29228.4378792506,1.0000873319
prob[130],0.8126735628,0.093689854,0.6413917754,0.9696352098,0.0003896977,0.0002755593,63343.9696924166,39099.2256132892,1.0001366207
prob[131],0.0125260303,0.0196648427,1.787e-07,0.043229442,0.0001206918,8.83172e-05,42396.1332635987,30272.0099047735,1.0000662174
prob[132],0.54470885,0.144688966,0.2734040137,0.8065720885,0.0006343447,0.0004657844,51469.5458113658,38742.6588798092,1.000060938
prob[133],0.8202870268,0.0827537493,0.6683821185,0.9636422542,0.0003400443,0.0002404488,64184.515449961,38392.0233911874,1.0001619059
prob[134],0.7660739009,0.106908874,0.5679643038,0.9484265312,0.000441835,0.0003124261,61324.622610337,39702.3869452068,1.0001535108
prob[135],0.9586314107,0.0338513276,0.89762823,0.9995192371,0.0001553617,0.000109858,68252.765745787,36981.0346125019,1.0002334143
prob[136],0.9997523676,0.0007768228,0.9990481034,1.0,4.2547e-06,3.0097e-06,51360.8235936277,34946.7335190568,1.000034747
prob[137],0.9833263106,0.0175159518,0.9524977937,0.9999584238,8.48358e-05,5.99884e-05,68076.0156659692,36126.4593848999,1.0002658612
prob[138],0.9891434348,0.0127893614,0.9673137426,0.9999883673,6.32471e-05,4.47228e-05,67179.2795646809,36483.7310841697,1.0002177209
prob[139],0.8660061766,0.0757880844,0.7266675828,0.9848826749,0.0003205363,0.0002266546,65154.3981863823,38317.2311255126,1.0001701761
prob[140],0.9338767658,0.047066392,0.8479903676,0.997474822,0.0002086603,0.000147546,67381.9615266478,37328.2065933423,1.0001813296
prob[141],0.9831320837,0.0176961106,0.951975608,0.9999504012,8.57085e-05,6.06055e-05,68121.908114078,36137.1904562945,1.0002689061
prob[142],0.6072384078,0.0886673136,0.4421713838,0.7702797911,0.0003781931,0.0002716203,55344.4217773264,40324.9141751491,1.0000919985
prob[143],0.9054950961,0.0601115638,0.7932964403,0.9921771013,0.0002597639,0.0001836818,66147.9127933834,37588.806695908,1.0001905504
prob[144],0.0655947308,0.0619514385,0.0004459745,0.1787695558,0.0003634504,0.0002813723,40943.8815892154,29283.5004240144,1.0000677895
prob[145],0.9997523676,0.0007768228,0.9990481034,1.0,4.2547e-06,3.0097e-06,51360.8235936277,34946.7335190568,1.000034747
prob[146],0.0285299729,0.035328499,2.402e-06,0.0890927846,0.0002138975,0.0001617163,41544.2731283126,29445.870883788,1.000070383
prob[147],0.6602396285,0.0523037707,0.560334482,0.7586377258,0.0002057011,0.0001454533,65820.3390605975,39151.2374125091,1.0002222675
prob[148],0.9952943735,0.0065376296,0.9844195933,0.9999991342,3.39379e-05,2.39979e-05,54862.641200111,35616.5223714102,1.0001076574
prob[149],0.997633886,0.0040984775,0.9915024042,0.9999999538,2.22802e-05,1.57546e-05,51360.8235936277,34946.7335190568,1.0000620395
prob[150],0.9997523676,0.0007768228,0.9990481034,1.0,4.2547e-06,3.0097e-06,51360.8235936277,34946.7335190568,1.000034747
prob[151],0.3976752737,0.0575999734,0.2876901697,0.499177074,0.0002675693,0.0001951194,42808.1583421714,30211.1173317701,1.0001088669
prob[152],0.0492849584,0.0452194276,0.0004014141,0.1304500623,0.0002625549,0.0002040546,41462.9540299163,29403.0157852024,1.0000687509
prob[153],0.9777317395,0.0191527504,0.9428827632,0.9997153642,9.12255e-05,6.45066e-05,56623.008104195,35893.3682235618,1.0001464349
prob[154],0.9843023427,0.0151852511,0.9569983997,0.9999414197,7.40787e-05,5.23819e-05,56106.0209167327,35584.5788907576,1.0001344899
prob[155],0.7277169457,0.0642827835,0.6072473643,0.8492952609,0.0002529021,0.0001788296,66021.7296054245,38268.4187617778,1.0002005463
prob[156],0.9739046333,0.0212197229,0.9353769943,0.9997200147,9.98946e-05,7.06366e-05,56893.4235045225,36132.7495250191,1.0001611642
prob[157],0.7277169457,0.0642827835,0.6072473643,0.8492952609,0.0002529021,0.0001788296,66021.7296054245,38268.4187617778,1.0002005463
prob[158],0.98907567,0.0118520611,0.9680278996,0.999985033,5.91044e-05,4.17935e-05,55657.6892338351,35485.5115155691,1.0001226148
prob[159],0.9990442981,0.0020411182,0.9963783308,0.9999999951,1.10197e-05,7.7924e-06,53907.6324279659,34959.0320933067,1.0000688879
prob[160],0.9996885695,0.0008895085,0.998787915,0.9999999999,4.8295e-06,3.416e-06,53471.9630331274,35166.8591433606,1.0000699917
prob[161],0.9920957975,0.0094552125,0.9755987472,0.9999956849,4.79718e-05,3.39215e-05,55316.0728038049,35549.0356469632,1.0001190739
prob[162],0.9979105573,0.0036277014,0.9924733295,0.9999999351,1.93056e-05,1.36512e-05,54306.0594296319,35042.2298925714,1.0000781781
prob[163],0.9995504263,0.0011680717,0.998254201,0.9999999996,6.3422e-06,4.4857e-06,53600.5507247932,35022.2921396885,1.0000677814
prob[164],0.9997523676,0.0007768228,0.9990481034,1.0,4.2547e-06,3.0097e-06,51360.8235936277,34946.7335190568,1.000034747
prob[165],0.9888867109,0.0119934652,0.9675744494,0.9999878372,5.97511e-05,4.22507e-05,55677.1300631193,35401.0722871853,1.0001253295
prob[166],0.846567877,0.0517369815,0.7520126476,0.9426786116,0.0002092844,0.0001479871,63233.6945312346,36519.684417671,1.0002602023
prob[167],0.9682938915,0.0239960816,0.9245312909,0.9991968684,0.0001112756,7.86842e-05,57264.8425445582,36149.4740653308,1.0001702684
prob[168],0.9364344368,0.035924376,0.8703442736,0.9925810422,0.0001573937,0.0001112947,59046.7417657144,36834.5054074432,1.0002008214
prob[169],0.9900252342,0.0111336978,0.970387963,0.9999918896,5.59963e-05,3.95956e-05,55009.2600908709,35553.2533731461,1.0001282636
prob[170],0.2799959138,0.0641864983,0.1595432382,0.397947137,0.0003090289,0.0002307533,41812.3265727802,29472.2555590604,1.0001107116
prob[171],0.9987144831,0.002592094,0.9951730104,0.999999992,1.41171e-05,9.9832e-06,52070.2431535177,35105.1531303177,1.0000693946
prob[172],0.5115168732,0.014815449,0.4830273638,0.5383111695,6.21091e-05,4.3918e-05,57065.717859014,41750.7369159827,1.000090585
prob[173],0.9131492073,0.041399797,0.8355003344,0.9819480877,0.0001855365,0.0001311949,53734.4076021278,34958.4012758462,1.0001380766
prob[174],0.7946097039,0.0492059565,0.7024581544,0.8859040755,0.0002082774,0.0001472752,55719.1813544743,35498.1508797202,1.0001875522
prob[175],0.9971733906,0.0046087787,0.9900072409,0.9999998934,2.4768e-05,1.75138e-05,52184.4974009491,35229.1078497922,1.0000756958
prob[176],0.5715527831,0.1369485302,0.3124439527,0.8180689479,0.0005941315,0.0004327193,52528.5278004848,39754.2714057994,1.0000605895
prob[177],0.9995541809,0.0011611513,0.9982680596,0.9999999996,6.3057e-06,4.46e-06,53564.2339597238,35146.3004607212,1.0000658356
prob[178],0.5711626703,0.0199493696,0.5344162972,0.6096577449,7.70592e-05,5.44893e-05,65915.0685533618,37948.6010883364,1.000272837
prob[179],0.9993986031,0.0014808101,0.997677432,0.9999999994,8.0998e-06,5.7291e-06,51984.620339038,35033.1853525131,1.0000558742
prob[180],0.985062872,0.0148840692,0.9581429224,0.9999753155,7.4925e-05,5.29804e-05,52589.3938090595,35291.6733596744,1.0000977411
prob[181],0.9997110944,0.0008605848,0.9988831564,1.0,4.7063e-06,3.329e-06,51916.4504850611,35023.7250451835,1.0000435533
prob[182],0.9642194451,0.0260237773,0.9164112708,0.9990296876,0.0001239596,8.76533e-05,52982.2757714671,35049.6028871508,1.0001362882
prob[183],0.9293891589,0.0382881638,0.8588279922,0.9907584836,0.0001782224,0.0001260231,51360.8235936277,34946.7335190568,1.0001174511
prob[184],0.3352169582,0.1376511637,0.0977158322,0.5941340594,0.0006767388,0.0005214142,44579.5270032408,33062.4675176677,1.0000817802
prob[185],0.4569399366,0.0195112818,0.4203180598,0.4909285405,9.05169e-05,6.44914e-05,41834.754635925,28956.2265863741,1.0001388648
prob[186],0.9997978735,0.0006602909,0.999225376,1.0,3.6004e-06,2.5468e-06,51887.5712580639,35013.2987849636,1.0000421049
prob[187],0.6678844158,0.0358952928,0.6027378498,0.7363593682,0.000145685,0.0001031074,59952.8221297498,36362.497597596,1.0002227463
prob[188],0.9987632297,0.0024670717,0.9954086549,0.9999999769,1.3092e-05,9.2575e-06,57759.8764284188,36109.8772485266,1.0001024943
prob[189],0.9980045419,0.0035112064,0.9927862523,0.9999999467,1.87296e-05,1.32439e-05,54071.1698666403,35230.2219723391,1.0000770517
prob[190],0.6330665729,0.0295513349,0.5806059029,0.6903796749,0.0001289928,9.12122e-05,51360.8235936277,34946.7335190568,1.0001508136
prob[191],0.9935980289,0.0082843133,0.9794351999,0.9999985776,4.34025e-05,3.06905e-05,52347.6849098467,35020.321310441,1.0000779714
prob[192],0.6183457663,0.0276865705,0.5685429471,0.6718588367,0.0001093498,7.73941e-05,63213.0013156088,36557.5532119138,1.000244794
prob[193],0.5658071668,0.0191736196,0.5300244532,0.6023718661,7.41323e-05,5.24197e-05,65943.7749450328,38263.0579094844,1.0002596624
prob[194],0.998914778,0.0023157747,0.9958959126,0.9999999966,1.27066e-05,8.9866e-06,51360.8235936277,34946.7335190568,1.0000581431
prob[195],0.4353681561,0.022926299,0.3921954387,0.4758829891,0.0001071351,7.64599e-05,41828.7421254214,29560.5403514012,1.0001249791
prob[196],0.985286532,0.0137901805,0.9610011624,0.9998274355,7.19828e-05,5.08999e-05,48801.364780957,34890.5963348757,1.0000426517
prob[197],0.0108131772,0.0123702028,8.5613e-06,0.0317733455,6.96868e-05,5.59862e-05,42968.0548791938,33150.571476508,1.0000615441
prob[198],0.6801365444,0.0477016626,0.5915014182,0.7676554206,0.0001900186,0.0001347761,62437.2771210634,41160.5112520346,1.0000159303
prob[199],0.0618149084,0.038341618,0.0059422944,0.132375131,0.0002072803,0.0001591535,40082.8143377966,31415.082930975,1.0000733688
prob[200],0.1649833198,0.0603760965,0.0566259297,0.2771052453,0.0003227619,0.0002424132,37251.2186851218,29999.880637975,1.0000877514
prob[201],0.3879090055,0.0606548051,0.2724614792,0.5015713426,0.0003241981,0.0002351045,35551.2239501103,31885.7776908549,1.0000912941
prob[202],0.0226762534,0.020491133,0.0001670939,0.0591163266,0.0001133461,8.82545e-05,41982.7897023959,32515.5965746019,1.0000651422
prob[203],0.1745568007,0.0613832597,0.064798656,0.2898887294,0.000328174,0.0002459479,37057.7320727045,30120.3710116526,1.0000888253
prob[204],0.2973066915,0.0650255604,0.1754804008,0.4195319373,0.0003507017,0.000257594,35155.8570135024,29829.6243153791,1.000095715
prob[205],0.1444066696,0.0577375433,0.0441225338,0.2527938408,0.000308711,0.0002329478,37697.0996477657,30419.4694548599,1.0000851052
prob[206],0.2099253421,0.0640428572,0.0951294466,0.3321946789,0.0003430447,0.0002549752,36354.6855991059,29188.9649763684,1.0000917749
prob[207],0.5369946585,0.0506868295,0.4450082551,0.6344838018,0.0002472613,0.0001760435,42613.7943488436,37456.1713934907,1.0000648153
prob[208],0.03740806,0.0283449085,0.0012205591,0.0886420596,0.0001549221,0.0001195659,41137.8285636124,32216.1239568437,1.0000685288
prob[209],0.2596820187,0.0654240879,0.1382136674,0.382818202,0.000352424,0.000259638,35451.1391801188,29198.6429959299,1.0000945907
prob[210],0.985286532,0.0137901805,0.9610011624,0.9998274355,7.19828e-05,5.08999e-05,48801.364780957,34890.5963348757,1.0000426517
prob[211],0.2927618982,0.0462644749,0.2054708037,0.379291671,0.0002381792,0.000173544,38019.5791270378,29913.5987290806,1.0000795837
prob[212],0.2508276052,0.0653520738,0.127411815,0.3712641816,0.0003516719,0.0002594707,35584.6247590153,28971.2232339648,1.0000940779
prob[213],0.5760419,0.015701694,0.5470534114,0.6054058182,7.01153e-05,4.95793e-05,48801.364780957,34890.5963348757,1.0000549416
prob[214],0.0277998107,0.0226856775,0.000860976,0.0686957061,0.0001229279,9.58581e-05,42984.5169099793,33058.8675755447,1.0000605214
prob[215],0.1523285342,0.0469236188,0.0681551728,0.2412707699,0.0002262766,0.0001704156,45141.5520648024,33603.2694381329,1.0000671109
prob[216],0.7415976278,0.0480329585,0.6533215156,0.831499322,0.0001818892,0.0001286156,69022.1005804241,38219.3904288437,1.0000431536
prob[217],0.0172750409,0.0165394543,0.0001763116,0.0462491896,9.07131e-05,7.17493e-05,43774.120322187,33507.1253802378,1.0000576307
prob[218],0.1017103733,0.0498077749,0.019917079,0.1941241076,0.0002670532,0.000203455,38779.2272900002,31134.6135358251,1.0000796923
prob[219],0.013816948,0.0146526439,1.65988e-05,0.0391295993,8.20442e-05,6.50704e-05,42669.9231200712,33225.512815702,1.0000625114
prob[220],0.3321806615,0.0313834297,0.272849175,0.3898755456,0.0001292561,9.24383e-05,57788.0218954794,37382.7013987457,1.0000389535
prob[221],0.7081520723,0.064923852,0.5858339457,0.8273835943,0.0002725631,0.0001927323,56914.5517010491,41647.2458006661,1.0000288132
prob[222],0.9372540008,0.0322583238,0.8772041335,0.9881665079,0.0001505915,0.000106485,52653.4167176479,35705.1552655952,1.0000307871
prob[223],0.9885536452,0.0114535185,0.9687246689,0.9999500352,5.95297e-05,4.20942e-05,50981.9015507535,35471.9606233254,1.0000356704
prob[224],0.7682935401,0.0423699075,0.6882871067,0.8465015144,0.0001754044,0.0001240303,58279.998548271,36556.4321388629,1.0000416019
prob[225],0.9583574403,0.0259111901,0.9106736299,0.9954863776,0.0001246533,8.81438e-05,52056.099553358,35749.7701088336,1.000032381
prob[226],0.5000943572,0.0602253011,0.3862330902,0.6111094752,0.0002969281,0.0002115518,40675.5513123665,38062.1939490185,1.0000691486
prob[227],0.923028598,0.0355126848,0.8578428408,0.9826151251,0.0001631702,0.0001153795,53038.7624695152,35834.7331016,1.000031321
prob[228],0.4210415795,0.0268653584,0.3704742874,0.4678539942,0.0001374234,9.80196e-05,35711.0695717862,29952.5386034808,1.0000988785
prob[229],0.9660691127,0.0229984315,0.9243900601,0.9977197355,0.000112199,7.93372e-05,51826.3518398186,35643.5587386972,1.0000330357
prob[230],0.8558399355,0.0435346524,0.7758596653,0.9363585755,0.0001895841,0.000134057,54959.2883000654,36027.3252126099,1.0000388515
prob[231],0.888249899,0.0421437782,0.8103162418,0.9632415135,0.000197198,0.0001394409,48801.364780957,34890.5963348757,1.0000426517
prob[232],0.9945214048,0.0069077576,0.9833030892,0.9999964939,3.71546e-05,2.62725e-05,50632.7196057594,35557.9393956916,1.0000367573
prob[233],0.9930117664,0.0081762168,0.9793893797,0.9999860273,4.35093e-05,3.0766e-05,50735.4769070653,35323.7310791093,1.0000365374
prob[234],0.2801415895,0.0617381265,0.1651738257,0.3969195317,0.000331877,0.0002434613,35418.4114231581,29213.4405527597,1.0000938716
prob[235],0.6453485649,0.0288916028,0.592991028,0.7004916041,0.0001111359,7.85853e-05,66416.4539744734,38048.6190835822,1.0000838087
prob[236],0.9475531635,0.0294201807,0.8936239304,0.9926807135,0.0001392071,9.84349e-05,52368.7187947531,35684.9151294309,1.0000315125
prob[237],0.9810969263,0.0159664241,0.9525377835,0.9994735832,8.07674e-05,5.71116e-05,51307.5287602069,35515.5018747638,1.0000346941
prob[238],0.9944961077,0.0070389353,0.9830877553,0.9999970407,3.83053e-05,2.70862e-05,48801.364780957,34890.5963348757,1.0000426517
prob[239],0.912591321,0.0374834683,0.8441465587,0.9775594831,0.000170471,0.0001205419,53319.8842073806,35659.3781850591,1.0000377372
prob[240],0.0515918875,0.0362738213,0.0020164959,0.1177041283,0.0002006103,0.0001533391,39172.0561601042,31200.4697042553,1.0000776098
prob[241],0.496840006,0.018284372,0.4620459198,0.5285578502,8.98507e-05,6.35912e-05,40524.87949236,38330.8273819188,1.0000699068
prob[242],0.9595182538,0.0260528917,0.9116088235,0.9962657681,0.0001291261,9.13066e-05,48801.364780957,34890.5963348757,1.0000426517
prob[243],0.9685734485,0.0219652074,0.9287987224,0.9981012197,0.0001077018,7.61572e-05,51748.483303389,35664.9234394184,1.0000332535
prob[244],0.9488803402,0.0290206609,0.895864594,0.9932683532,0.0001375754,9.72812e-05,52331.3533811947,35706.5229499263,1.0000315881
prob[245],0.0677776534,0.0451384771,0.004320801,0.1516696195,0.0002520848,0.0001917391,37668.4316452844,30602.5180008352,1.0000856211
prob[246],0.5791519237,0.0730821934,0.4418167557,0.7154588704,0.0003458441,0.0002457446,44796.4040107803,39064.9084555319,1.0000570609
prob[247],0.0321604562,0.0280035899,0.0004763611,0.0832217142,0.0001584599,0.000120763,39124.1558820375,31216.3200554043,1.0000786213
prob[248],0.1106583127,0.0596714281,0.0151191222,0.2215082673,0.0003304404,0.0002502391,36601.7753035518,29876.6808691912,1.0000911219
prob[249],0.3660914509,0.0883673159,0.2024178714,0.5333615574,0.000467844,0.0003423746,36100.4882403719,32430.2114885849,1.0000893111
prob[250],0.4807857987,0.0850713127,0.3222972922,0.642683587,0.0004297005,0.0003087799,39280.5410822666,36551.0031643702,1.0000749563
prob[251],0.9056488188,0.0413614768,0.8295089509,0.9761343734,0.0001653038,0.000116888,70554.6295528223,38372.3848491662,1.0000786342
prob[252],0.1775689464,0.0746040258,0.0507026693,0.3199500631,0.000411501,0.0003079843,35415.2619807902,29142.5402574749,1.0000956369
prob[253],0.8871738763,0.0446471523,0.8030977787,0.96340145,0.0001756612,0.0001242117,70703.5510335936,38623.8676467086,1.0000706006
prob[254],0.0412405838,0.0330064128,0.0008456695,0.101950857,0.0001859644,0.0001415548,38665.8685260777,31233.4306982613,1.0000808109
prob[255],0.5988297384,0.0771926513,0.4541168119,0.7432902462,0.0003604663,0.0002557441,45939.250003769,41622.3827523278,1.0000539258
prob[256],0.8784155484,0.046920112,0.7903166458,0.9590870556,0.0001839065,0.0001300421,70545.6221216086,38543.8994090047,1.000065911
prob[257],0.5402804997,0.0814805325,0.3886497727,0.6944624623,0.0003973432,0.000283496,42113.2096101773,37764.3287671056,1.0000648773
prob[258],0.5521241521,0.0806633565,0.4010956894,0.7036303723,0.0003901999,0.000278055,42783.0816424965,37634.1979905586,1.0000629109
prob[259],0.9944961077,0.0070389353,0.9830877553,0.9999970407,3.83053e-05,2.70862e-05,48801.364780957,34890.5963348757,1.0000426517
prob[260],0.9325666051,0.0342437954,0.8696013755,0.987834005,0.0001648691,0.0001165808,48801.364780957,34890.5963348757,1.0000426517
prob[261],0.4050068654,0.0879270388,0.2415582074,0.5718424696,0.0004592853,0.0003338351,36903.2923192412,33541.9056224267,1.0000847505
prob[262],0.6914485234,0.0694347166,0.5595912999,0.818393878,0.0002986671,0.0002111907,54295.4089455619,42004.6586480879,1.0000347066
prob[263],0.7191589516,0.0459739536,0.6336441028,0.8039841753,0.000174477,0.0001233744,68498.9230792837,38415.6493265341,1.0000382726
prob[264],0.2755767268,0.0856847399,0.1165961185,0.4342581374,0.0004648614,0.0003460025,35187.9923039205,30248.4526540692,1.0000961813
prob[265],0.9944961077,0.0070389353,0.9830877553,0.9999970407,3.83053e-05,2.70862e-05,48801.364780957,34890.5963348757,1.0000426517
prob[266],0.8019357718,0.0582077215,0.6909440874,0.9056281496,0.0002289986,0.0001619272,66277.5767455728,40585.3147794743,1.0000174475
prob[267],0.3859465974,0.0230058328,0.3422446298,0.4282204899,0.0001026298,7.31796e-05,48866.1267163963,33859.9752607334,1.0000669986
prob[268],0.4221650585,0.0874900997,0.265603516,0.5947913666,0.0004539669,0.0003290434,37331.1259687498,33849.0086134748,1.0000827795
prob[269],0.7135257163,0.0386161755,0.6436719709,0.7880465932,0.0001735654,0.00012273,48801.364780957,34890.5963348757,1.0000497787
prob[270],0.909752511,0.0396276435,0.8355727357,0.9756866359,0.0001615699,0.0001142477,68034.6489511189,38000.9871579325,1.0000781197
prob[271],0.8256627516,0.0526021601,0.7278985716,0.9209838148,0.0002046673,0.0001447223,68969.7281034089,39767.8833271582,1.0000691975
prob[272],0.8893873696,0.0436675094,0.8076965092,0.9640808012,0.0001744224,0.0001233358,68961.3514065753,38348.9421963581,1.0000789121
prob[273],0.7243397378,0.0608151631,0.6070866778,0.8339291398,0.00024852,0.000175731,61230.9836326397,41647.2378736913,1.0000210215
prob[274],0.8398946239,0.0501896815,0.7468147089,0.9305414842,0.0001928979,0.0001364001,70360.6054890366,38269.6600521175,1.0000758737
prob[275],0.5907450525,0.0683467402,0.463930323,0.7198471722,0.0003142858,0.000222235,47548.2522366082,41651.7216850373,1.0000480354
prob[276],0.9621260083,0.0243827518,0.9176247152,0.9967672238,0.0001091476,7.71795e-05,63555.8976536397,37803.1367742578,1.0000433909
prob[277],0.5760419,0.015701694,0.5470534114,0.6054058182,7.01153e-05,4.95793e-05,48801.364780957,34890.5963348757,1.0000549416
prob[278],0.156985471,0.0644964697,0.0433149676,0.2772149376,0.0003467667,0.0002600372,36583.2560298792,30089.2999628525,1.0000930283
prob[279],0.1979547726,0.0702095506,0.071388007,0.3301590022,0.0003772742,0.0002810836,35801.7605562848,29758.0657926843,1.0000964095
prob[280],0.9825053686,0.0148698534,0.9562283127,0.9996369043,7.12839e-05,5.04057e-05,60519.8297218024,37383.9077181291,1.0000250824
prob[281],0.3614474511,0.0656230588,0.2382055065,0.4818873654,0.0003440499,0.000250437,35338.2783721932,30268.2924971434,1.0000969154
prob[282],0.4420546307,0.0754322418,0.3026015573,0.5822859692,0.0003829002,0.0002755952,37928.5935597618,34739.7165289277,1.0000828065
prob[283],0.8008466645,0.0550743795,0.6980194572,0.901149949,0.000214932,0.0001519805,67755.172336136,41018.2907696045,1.000060283
prob[284],0.2135915371,0.0488730967,0.1215493236,0.3040386642,0.0002413171,0.0001785202,41884.6647064582,31785.481890247,1.0000658672
prob[285],0.1508846441,0.0487364135,0.0629775067,0.2422308799,0.0002421991,0.0001821487,42630.5387357488,32498.9514606684,1.0000596519
prob[286],0.8354779427,0.0514993769,0.7381870261,0.9269545645,0.0002005208,0.0001417902,69256.0120379872,39573.2277085871,1.0000758683
prob[287],0.864823809,0.0476650395,0.7767897414,0.9494122629,0.0001872921,0.0001324361,69476.842038175,38868.8049311057,1.0000648706
prob[288],0.9773992029,0.017597261,0.9456762122,0.9989978472,8.26176e-05,5.84198e-05,61411.6543554672,37740.0341400887,1.0000242606
prob[289],0.8937770425,0.0428590071,0.8134119828,0.9665616381,0.0001718537,0.0001215195,68797.1339964268,38220.0170326718,1.0000848517
prob[290],0.9364073216,0.0329792447,0.8749024418,0.9881364282,0.0001397526,9.88205e-05,66180.9147349467,37656.0509912647,1.0000745563
prob[291],0.3050208455,0.0770254592,0.165245221,0.4516713874,0.0004077247,0.0003009595,35184.0820933401,29273.4245346177,1.0000989832
prob[292],0.3614474511,0.0656230588,0.2382055065,0.4818873654,0.0003440499,0.000250437,35338.2783721932,30268.2924971434,1.0000969154
prob[293],0.9595182538,0.0260528917,0.9116088235,0.9962657681,0.0001291261,9.13066e-05,48801.364780957,34890.5963348757,1.0000426517
prob[294],0.5410201171,0.0543759851,0.4364209326,0.6409226704,0.0002459515,0.0001744121,48637.6541807053,40442.2476081119,1.0001826817
prob[295],0.9974082069,0.0042829347,0.9909649847,0.9999998302,2.30197e-05,1.62775e-05,49789.2519369713,36211.0981534495,1.0000525561
prob[296],0.8935401243,0.0427245406,0.8129749103,0.9672300752,0.0001910971,0.0001351269,53020.3776355942,37367.5335326052,1.0000810626
prob[297],0.9974082069,0.0042829347,0.9909649847,0.9999998302,2.30197e-05,1.62775e-05,49789.2519369713,36211.0981534495,1.0000525561
prob[298],0.9412369031,0.0329801301,0.8794652583,0.991525605,0.0001536533,0.00010865,52183.1533905394,37252.154095802,1.0000804664
prob[299],0.9929450181,0.00860223,0.9783240441,0.9999960049,4.47256e-05,3.1626e-05,51018.1586818949,36654.5387716855,1.0000481715
prob[300],0.3734800549,0.0623244548,0.2553076081,0.4855300527,0.0003109373,0.0002263005,38756.4637071287,32211.2900443181,1.0000663741
prob[301],0.6803368923,0.0354064703,0.6168173458,0.7493035714,0.0001439004,0.0001017534,59618.9528502107,37891.8333840063,1.0000343761
prob[302],0.8108336566,0.0469929298,0.7225535638,0.8978674784,0.0002016576,0.0001425943,54707.3099218909,37122.4178426197,1.0000806487
prob[303],0.1162544755,0.0597738218,0.0191111234,0.2263299194,0.0003184915,0.0002443906,39718.0701622086,31092.9290148919,1.0000661544
prob[304],0.9967275856,0.0049983092,0.988932722,0.9999995849,2.65517e-05,1.8775e-05,50829.344718861,36699.8612049098,1.0000418668
prob[305],0.5084255006,0.0151314806,0.4798627193,0.536037255,6.86307e-05,4.85295e-05,48333.2351561704,40971.6623438998,1.000166271
prob[306],0.9899559269,0.0109856077,0.9707811168,0.9999889502,5.63671e-05,3.98578e-05,51130.0228103019,36722.2593662106,1.0000519194
prob[307],0.9954943831,0.0062745079,0.9852946869,0.999998925,3.30741e-05,2.33871e-05,50901.4911819387,36654.6004349079,1.0000463133
prob[308],0.7456350077,0.0444688199,0.6625359888,0.8288762963,0.0001982313,0.0001401715,49789.2519369713,36211.0981534495,1.0000842005
prob[309],0.9963878719,0.0053628272,0.9879083196,0.9999994423,2.84252e-05,2.00998e-05,50850.6379859505,36654.5229317733,1.0000437514
prob[310],0.9676395911,0.0235616227,0.9246788799,0.9987755577,0.0001139954,8.06074e-05,51688.0307561749,36790.8527078843,1.0000813069
prob[311],0.5903614279,0.0495923433,0.5005474921,0.6848011472,0.0002156952,0.0001532658,53141.4625567821,40384.4750553842,1.00024666
prob[312],0.7788532479,0.0617862947,0.6625036724,0.8904968864,0.0002419849,0.00017111,66663.5076657461,38997.9501997632,1.0002025336
prob[313],0.9820660467,0.0162203465,0.9528607433,0.9997898653,8.1065e-05,5.7322e-05,51363.6884575337,36722.590014737,1.0000653321
prob[314],0.9943679419,0.0073455895,0.9821401843,0.9999979276,3.84726e-05,2.72044e-05,50956.9852117755,36631.9726176056,1.0000468727
prob[315],0.9943044341,0.0074037841,0.9819657359,0.9999972659,3.8764e-05,2.74105e-05,50959.6396946237,36609.3998069664,1.0000477028
prob[316],0.9975071567,0.0041148665,0.9913456483,0.9999998173,2.19743e-05,1.55383e-05,50771.6792039046,36677.1570953945,1.0000366853
prob[317],0.4185810737,0.0257918946,0.3696442767,0.4639500755,0.0001255767,8.95992e-05,39533.4225078502,30928.6515496919,0.9999997689
prob[318],0.9911441849,0.0100735304,0.9737108733,0.9999905577,5.19441e-05,3.67303e-05,51088.2339910722,36676.9287801649,1.0000513334
prob[319],0.628383811,0.0758698264,0.4860776261,0.7700214908,0.0003296924,0.0002333785,52982.4306674204,40827.3457557157,1.000233621
prob[320],0.0969150066,0.0569246388,0.0106105034,0.202369327,0.0003080398,0.0002363699,39699.7926829582,31074.0149177789,1.0000681758
prob[321],0.9452133761,0.0325395374,0.8855994145,0.9937942391,0.0001394603,9.86138e-05,65821.4217447802,37417.6591954627,1.0000280095
prob[322],0.764618662,0.0650092827,0.6416506138,0.8819919866,0.0002577332,0.0001822457,64952.3056289012,39140.7190124891,1.0002096104
prob[323],0.4427814144,0.0866721494,0.2807837936,0.604526208,0.0004244465,0.0003082006,41644.0816754149,35953.1037108939,1.0001737424
prob[324],0.2847655416,0.0867432364,0.1298250097,0.4494520775,0.0004489984,0.0003362216,38415.3221728018,32176.6945124514,1.0001213229
prob[325],0.030493442,0.0279358437,0.0001957122,0.081335756,0.0001546937,0.0001165074,41961.2838630017,33102.6848418718,1.0000918577
prob[326],0.2739069986,0.0566185069,0.1670605787,0.3788493882,0.0002876941,0.0002117356,38978.396102096,30655.7872280308,1.0000461767
prob[327],0.8656217811,0.0520568088,0.7703142228,0.9581430452,0.0002059432,0.0001456245,69421.8322039591,38441.4687172709,1.0000928062
prob[328],0.9258798053,0.0386359797,0.8548517927,0.9875642616,0.0001608988,0.0001137732,67281.3840895275,37305.2592387741,1.0000289988
prob[329],0.0544361081,0.0406342563,0.0015978685,0.1289739623,0.000222537,0.0001702841,41017.5474606573,31881.1709709098,1.0000866182
prob[330],0.9182558028,0.0393584778,0.8446885906,0.9829295569,0.0001844175,0.0001304037,49789.2519369713,36211.0981534495,1.0000827384
prob[331],0.5860855876,0.0267840279,0.539025678,0.636808848,0.0001060545,7.51946e-05,63067.9628173158,38768.9859340748,1.0002344591
prob[332],0.9955215457,0.0063262439,0.9852708835,0.9999991237,3.3643e-05,2.37894e-05,49789.2519369713,36211.0981534495,1.0000574586
prob[333],0.9750670326,0.0203616208,0.9380484718,0.9995147035,0.000101674,7.18949e-05,49789.2519369713,36211.0981534495,1.0000801688
prob[334],0.616754516,0.0766784432,0.4677058654,0.7551407512,0.0003362211,0.0002383145,52005.6848436203,41052.791303175,1.0002151692
prob[335],0.5602893704,0.0804327024,0.4097151346,0.7121226642,0.0003677505,0.0002624736,47734.2588144046,39975.1145974355,1.0001943271
prob[336],0.2980464111,0.038607271,0.2237624828,0.3683383711,0.0001666262,0.0001194439,52811.194717196,36725.0723268035,1.0000747358
prob[337],0.1696182665,0.0744172361,0.0405169149,0.3068792953,0.0003954153,0.000303444,38560.2507019452,30504.9671325761,1.000067845
prob[338],0.4899688121,0.0845316744,0.3303293091,0.6473983393,0.0004040641,0.000291246,43649.5073850727,38184.0384623936,1.0002218676
prob[339],0.69156382,0.0712451192,0.5578185894,0.8227716927,0.0002950361,0.0002086231,58612.9855348751,40056.4238420793,1.0002290483
prob[340],0.4204666403,0.0874375693,0.2582335807,0.5838422769,0.0004324728,0.0003151886,40895.3240598272,35447.0852080938,1.0001515965
prob[341],0.7788532479,0.0617862947,0.6625036724,0.8904968864,0.0002419849,0.00017111,66663.5076657461,38997.9501997632,1.0002025336
prob[342],0.0228591047,0.0229859227,7.40227e-05,0.0642036813,0.0001278604,9.53527e-05,42371.6407463797,33232.6447268911,1.0000885944
prob[343],0.4151516083,0.0613554434,0.3003356455,0.5299614032,0.0003103212,0.0002251366,39509.9468093656,33808.9766054653,1.0000972148
prob[344],0.5572715905,0.052593276,0.4623422489,0.6588427279,0.0002390582,0.0001703567,48923.1360060085,39814.7287472126,1.0002287634
prob[345],0.288103513,0.0679849518,0.1602837835,0.4139436619,0.0003517378,0.0002609072,38123.3809462966,30875.8399265094,1.0000880548
prob[346],0.4857439697,0.0563823542,0.381570023,0.5936866447,0.0002746639,0.0001972572,42736.7514824174,37128.242104731,1.0002238101
prob[347],0.0821420738,0.0468397107,0.0099902441,0.1686641196,0.0002457001,0.0001894213,41741.0849164115,32775.611398894,1.0000988277
prob[348],0.9955215457,0.0063262439,0.9852708835,0.9999991237,3.3643e-05,2.37894e-05,49789.2519369713,36211.0981534495,1.0000574586
prob[349],0.5903614279,0.0495923433,0.5005474921,0.6848011472,0.0002156952,0.0001532658,53141.4625567821,40384.4750553842,1.00024666
prob[350],0.0538691905,0.0360784098,0.0032489332,0.1198307483,0.0001890535,0.0001454425,43265.5236345856,33761.500221564,1.0000937958
prob[351],0.0457874771,0.0336085531,0.0020098752,0.1076276309,0.0001789019,0.0001371686,42895.8835455596,33665.8697024438,1.000082313
prob[352],0.6454414589,0.0438602113,0.5662311222,0.7279924236,0.0001733134,0.0001226739,63140.8134833409,38946.6795974334,1.0002462601
prob[353],0.3485203112,0.0656699773,0.2274414986,0.4727687864,0.0003376468,0.000247708,38275.6554382783,32228.8287394736,1.0001172587
prob[354],0.2403913237,0.0445973183,0.1566862381,0.3240599069,0.0001872133,0.0001357882,56385.3604555179,37650.9614345141,1.0000324899
prob[355],0.9182558028,0.0393584778,0.8446885906,0.9829295569,0.0001844175,0.0001304037,49789.2519369713,36211.0981534495,1.0000827384
prob[356],0.1457480787,0.0605191535,0.03969331,0.2572123707,0.000314745,0.0002400145,40163.7151146425,31308.6553371884,1.000076369
prob[357],0.5784189171,0.0518950116,0.4845821958,0.6780431957,0.0002298632,0.0001634919,51331.8647286951,40359.2476990478,1.0002262885
prob[358],0.7986168635,0.0509687916,0.7028493065,0.8918445524,0.0001940636,0.0001372243,69916.9740217022,37972.6720126501,1.0001062307
prob[359],0.5896953533,0.0194927206,0.5545191335,0.6267750061,8.62533e-05,6.09906e-05,49789.2519369713,36211.0981534495,1.000081452
prob[360],0.0081594854,0.0105765989,2.4129e-06,0.0259052714,5.84527e-05,4.16295e-05,45081.5500131133,34525.9814685262,1.0000667089
prob[361],0.0061771992,0.0086777585,1.0622e-06,0.0203611525,4.81379e-05,3.4039e-05,45321.0236111932,34586.3596012583,1.0000649271
prob[362],0.2502236757,0.0681442063,0.1237737847,0.3768896717,0.0003531401,0.0002640938,38380.1821212401,30578.9269058853,1.0000589898
prob[363],0.7366723388,0.0516027552,0.6425056625,0.8344481319,0.0001956712,0.000138361,69005.6694875386,38616.2914340713,1.0001799864
prob[364],0.0143631974,0.0157109832,1.24496e-05,0.0420476292,8.59687e-05,6.32146e-05,44515.0473983696,34128.8255091648,1.0000696959
prob[365],0.4014228031,0.0623263801,0.2857042715,0.518764943,0.0003167064,0.0002302031,39133.5048008984,33179.32356167,1.00009239
prob[366],0.0255504353,0.023190318,0.0002152807,0.0675567396,0.0001252676,9.44898e-05,43801.940571535,34068.1769591172,1.0000877515
prob[367],0.8796245995,0.0471506908,0.7917065609,0.9618196693,0.0001912563,0.0001352393,65759.6727999566,37478.6531001555,1.0000491457
prob[368],0.3137775182,0.0737706993,0.1769301693,0.4495575273,0.0003722079,0.0002748372,38472.6636012876,31230.0137396078,1.0000773008
prob[369],0.9252535219,0.037791467,0.8559446682,0.9861658707,0.0001604769,0.0001134749,63099.7028873404,37582.0036079469,1.0000310746
prob[370],0.989325186,0.0112125245,0.9697899831,0.9999600847,5.5293e-05,3.90983e-05,56808.7284055828,37591.3063817038,1.0000127237
prob[371],0.7542603056,0.0503478441,0.659535558,0.8467923084,0.0001895126,0.0001340062,70270.9401654639,38090.7625481244,1.0001356568
prob[372],0.9918995527,0.0092574561,0.9760776556,0.9999930951,4.62877e-05,3.27306e-05,56398.5567369596,37484.6001089569,1.0000231759
prob[373],0.9750670326,0.0203616208,0.9380484718,0.9995147035,0.000101674,7.18949e-05,49789.2519369713,36211.0981534495,1.0000801688
prob[374],0.6534369542,0.0614728874,0.5373624504,0.7672490583,0.0002544656,0.0001799353,59201.9510257983,40165.4095297929,1.0002142104
prob[375],0.1426233301,0.0619055876,0.0325339086,0.2549383326,0.0003197287,0.0002435608,40296.4432731315,31770.8362306841,1.0000578458
prob[376],0.9750670326,0.0203616208,0.9380484718,0.9995147035,0.000101674,7.18949e-05,49789.2519369713,36211.0981534495,1.0000801688
prob[377],0.9050201149,0.0425070691,0.8270560432,0.9771208968,0.0001763647,0.0001247093,64395.1374507293,37779.957469991,1.0000472902
prob[378],0.1212208852,0.049039348,0.0360347838,0.2127608137,0.0002412059,0.0001831339,44180.7266813198,34186.5417508006,1.000051512
prob[379],0.9353080497,0.0350220045,0.871027057,0.989937477,0.000150777,0.000106616,62388.1417286955,37820.3888300325,1.0000240857
prob[380],0.9646025377,0.0246847779,0.9196718306,0.9979189914,0.0001121118,7.92755e-05,59946.6874844882,37448.6152028398,1.0000116668
prob[381],0.9805324993,0.0168383958,0.9505289561,0.9998237723,8.00003e-05,5.65692e-05,58178.5136245245,37864.8694936231,0.9999982681
prob[382],0.7542603056,0.0503478441,0.659535558,0.8467923084,0.0001895126,0.0001340062,70270.9401654639,38090.7625481244,1.0001356568
prob[383],0.9412576039,0.0332234638,0.8795375721,0.991186141,0.0001443305,0.0001020577,61939.2053468893,37871.281241002,1.0000229509
prob[384],0.7918447488,0.056300993,0.6837774033,0.8920246759,0.0002197689,0.0001554008,67911.9731488685,38589.8269191616,1.0001321044
prob[385],0.9860978196,0.0138902879,0.9613527773,0.9999541139,7.12093e-05,5.0353e-05,49789.2519369713,36211.0981534495,1.0000685481
prob[386],0.4803320472,0.068096637,0.3479173556,0.6012323556,0.0003228705,0.0002313567,43479.219151152,38229.6363316771,1.0001845882
prob[387],0.8480782698,0.0514394512,0.7509766278,0.9390068338,0.0002044599,0.0001445757,67021.0491841005,38021.0639808577,1.000071206
prob[388],0.1879901655,0.0682123844,0.0655996256,0.3156204549,0.0003504249,0.0002655291,39368.5327732928,30341.0620978229,1.0000574171
prob[389],0.8824245837,0.0466972766,0.7950613163,0.9632700684,0.0001898334,0.0001342331,65626.6233303889,37504.4554867966,1.0000497024
prob[390],0.9316172579,0.0366800616,0.8630622613,0.9881690848,0.000154033,0.0001089184,66504.3030860046,37393.595013017,1.0000400621
prob[391],0.9891831625,0.0113162836,0.9694422802,0.9999495646,5.57436e-05,3.94169e-05,56912.7740319205,37734.848741377,1.0000106738
